{
    "less": 0.0558,
    "this": 0.3346,
    "forest": 0.0558,
    "shivers": 0.0558,
    "interface": 0.11150000000000002,
    "interfere": 0.0558,
    "\"stars\"": 0.0558,
    "games": 0.0558,
    "restless": 0.0558,
    "level": 0.11150000000000002,
    "told": 0.0558,
    "Player": 0.11150000000000002,
    "decoded": 0.11150000000000002,
    "simple": 0.0558,
    "ons;": 0.0558,
    "energy": 0.11150000000000002,
    "never": 0.1673,
    "DNA": 0.0558,
    "days": 0.11150000000000002,
    "move": 0.0558,
    "know": 0.1673,
    "Father": 0.0558,
    "corner": 0.0558,
    "has": 0.11150000000000002,
    "warm": 0.11150000000000002,
    "our": 0.1673,
    "reads": 0.0558,
    "creation": 0.0558,
    "well": 0.11150000000000002,
    "Leptons": 0.0558,
    "gravity": 0.0558,
    "Too": 0.0558,
    "dreams": 0.11150000000000002,
    "one": 0.0558,
    "fire": 0.0558,
    "structure": 0.0558,
    "hundred": 0.11150000000000002,
    "woman": 0.11150000000000002,
    "side": 0.0558,
    "temporary": 0.0558,
    "PLAYERNAME": 0.11150000000000002,
    "like": 0.0558,
    "still": 0.0558,
    "flew": 0.0558,
    "ground": 0.0558,
    "sunlight": 0.11150000000000002,
    "for": 0.2789,
    "highest": 0.0558,
    "Let's": 0.11150000000000002,
    "see": 0.1673,
    "Decoded": 0.0558,
    "moves": 0.0558,
    "gods": 0.0558,
    "sky": 0.0558,
    "living": 0.0558,
    "prevent": 0.0558,
    "emotions": 0.0558,
    "Of": 0.0558,
    "up": 0.1673,
    "while": 0.0558,
    "thought": 0.11150000000000002,
    "wonderful": 0.0558,
    "fight": 0.0558,
    "walking": 0.0558,
    "information": 0.1673,
    "player's": 0.11150000000000002,
    "its": 0.4462,
    "fell": 0.0558,
    "food": 0.0558,
    "assembled": 0.0558,
    "alone": 0.0558,
    "took": 0.0558,
    "green": 0.0558,
    "hard": 0.0558,
    "sticks": 0.0558,
    "word": 0.0558,
    "flecks": 0.11150000000000002,
    "works": 0.0558,
    "love": 0.39039999999999997,
    "exists": 0.0558,
    "separate": 0.1673,
    "end": 0.0558,
    "Made": 0.0558,
    "throw": 0.0558,
    "ideas": 0.0558,
    "hear": 0.0558,
    "human": 0.1673,
    "touch": 0.0558,
    "chooses": 0.0558,
    "safely": 0.0558,
    "gathered": 0.0558,
    "lines": 0.11150000000000002,
    "what": 0.0558,
    "noise": 0.0558,
    "must": 0.0558,
    "dream?": 0.0558,
    "beautiful": 0.0558,
    "surface": 0.0558,
    "about": 0.0558,
    "truth": 0.2231,
    "played": 0.11150000000000002,
    "every": 0.11150000000000002,
    "other": 0.1673,
    "change": 0.11150000000000002,
    "That": 0.2231,
    "disturbing": 0.0558,
    "realised": 0.0558,
    "think": 0.0558,
    "kind?": 0.0558,
    "thing": 0.0558,
    "better": 0.0558,
    "No": 0.11150000000000002,
    "witches": 0.0558,
    "point": 0.0558,
    "summer": 0.11150000000000002,
    "awoke": 0.0558,
    "began": 0.0558,
    "cure": 0.0558,
    "doesn't": 0.0558,
    "program": 0.11150000000000002,
    "inhabits": 0.0558,
    "staring": 0.0558,
    "head;": 0.0558,
    "further": 0.0558,
    "reached": 0.0558,
    "much": 0.0558,
    "imagine": 0.0558,
    "eye": 0.0558,
    "breathe": 0.0558,
    "demons": 0.11150000000000002,
    "not": 0.6693,
    "blazing": 0.0558,
    "them": 0.5577000000000001,
    "eight": 0.0558,
    "boiling": 0.0558,
    "distance": 0.0558,
    "had": 0.2231,
    "To": 0.2231,
    "thousand": 0.11150000000000002,
    "far": 0.11150000000000002,
    "grass": 0.0558,
    "as": 0.2231,
    "But": 0.2231,
    "her": 0.0558,
    "others": 0.0558,
    "came": 0.0558,
    "from": 0.6134999999999999,
    "suddenly": 0.0558,
    "spoken": 0.1673,
    "connection": 0.0558,
    "naked": 0.0558,
    "there": 0.1673,
    "when": 0.2231,
    "planets": 0.0558,
    "matter": 0.0558,
    "gap": 0.0558,
    "cage": 0.0558,
    "another": 0.11150000000000002,
    "empty": 0.0558,
    "built": 0.0558,
    "easy": 0.0558,
    "limbs": 0.0558,
    "short;": 0.0558,
    "air": 0.2231,
    "feelings": 0.0558,
    "though": 0.1673,
    "home": 0.0558,
    "Ghosts": 0.0558,
    "eyes": 0.0558,
    "black": 0.0558,
    "scattered": 0.0558,
    "The": 0.7807999999999999,
    "extraterrestrials": 0.0558,
    "\"planets\"": 0.0558,
    "away": 0.0558,
    "death": 0.0558,
    "did": 0.2231,
    "And": 0.8924,
    "sad": 0.11150000000000002,
    "screen": 0.3346,
    "mean": 0.0558,
    "story": 0.39039999999999997,
    "Take": 0.1673,
    "indeed": 0.0558,
    "You": 0.39039999999999997,
    "destroy": 0.0558,
    "game": 0.4462,
    "body": 0.3346,
    "thirty": 0.0558,
    "star": 0.2231,
    "minutes": 0.0558,
    "atoms;": 0.0558,
    "which": 0.0558,
    "under": 0.11150000000000002,
    "things": 0.2231,
    "help": 0.0558,
    "powered": 0.0558,
    "than": 0.1673,
    "deaths": 0.0558,
    "Back": 0.0558,
    "give": 0.0558,
    "through": 0.6134999999999999,
    "create": 0.0558,
    "trees": 0.11150000000000002,
    "generated": 0.0558,
    "wish": 0.11150000000000002,
    "sometimes": 0.1673,
    "Jinn": 0.0558,
    "written": 0.0558,
    "want": 0.1673,
    "It": 0.7807999999999999,
    "globe": 0.0558,
    "Feel": 0.0558,
    "little": 0.0558,
    "it?": 0.0558,
    "sourcecode": 0.0558,
    "they": 0.4462,
    "familiar": 0.0558,
    "hunted": 0.11150000000000002,
    "We": 0.2231,
    "ball": 0.11150000000000002,
    "fear": 0.0558,
    "might": 0.0558,
    "Give": 0.0558,
    "order": 0.0558,
    "Aliens": 0.0558,
    "back": 0.11150000000000002,
    "task": 0.0558,
    "real": 0.0558,
    "visible": 0.0558,
    "creates": 0.0558,
    "play": 0.11150000000000002,
    "worlds": 0.11150000000000002,
    "mountain": 0.0558,
    "nothing": 0.11150000000000002,
    "Use": 0.0558,
    "seek": 0.0558,
    "that": 0.8924,
    "spirits": 0.11150000000000002,
    "reading": 0.2231,
    "into": 0.3346,
    "then": 0.0558,
    "quarks": 0.0558,
    "rivers": 0.0558,
    "Shush": 0.11150000000000002,
    "Ancestral": 0.0558,
    "isn't": 0.0558,
    "so": 0.1673,
    "times": 0.1673,
    "words": 0.4462,
    "vast": 0.0558,
    "these": 0.0558,
    "go": 0.11150000000000002,
    "used": 0.0558,
    "thinks": 0.0558,
    "Good": 0.0558,
    "faster": 0.0558,
    "speak": 0.0558,
    "almost": 0.0558,
    "thin": 0.0558,
    "need": 0.0558,
    "do": 0.11150000000000002,
    "light": 0.3346,
    "fingers": 0.0558,
    "offs": 0.0558,
    "your": 0.39039999999999997,
    "short": 0.0558,
    "how": 0.1673,
    "Does": 0.0558,
    "old": 0.11150000000000002,
    "read": 0.2231,
    "water": 0.0558,
    "made": 0.2231,
    "many": 0.0558,
    "atoms": 0.11150000000000002,
    "can": 0.11150000000000002,
    "Once": 0.11150000000000002,
    "ones;": 0.0558,
    "three": 0.0558,
    "itself": 0.1673,
    "apart": 0.0558,
    "white": 0.0558,
    "could": 0.11150000000000002,
    "lost": 0.0558,
    "inconvenience": 0.0558,
    "complicated": 0.0558,
    "Respawn": 0.0558,
    "flexible": 0.0558,
    "molten": 0.11150000000000002,
    "letters": 0.0558,
    "strong": 0.0558,
    "places": 0.0558,
    "Very": 0.0558,
    "any": 0.0558,
    "talking": 0.0558,
    "importance": 0.0558,
    "watched": 0.0558,
    "I": 0.7250000000000001,
    "Angels": 0.0558,
    "circled": 0.0558,
    "long": 0.3346,
    "dream": 0.7250000000000001,
    "you?": 0.0558,
    "time": 0.0558,
    "higher": 0.0558,
    "because": 0.0558,
    "life": 0.0558,
    "reality": 0.2789,
    "make": 0.0558,
    "They": 0.1673,
    "within": 0.1673,
    "more": 0.0558,
    "kilometres": 0.0558,
    "tell": 0.502,
    "cross": 0.0558,
    "meaning": 0.0558,
    "A": 0.1673,
    "moment": 0.0558,
    "would": 0.11150000000000002,
    "seven": 0.0558,
    "over": 0.11150000000000002,
    "third": 0.0558,
    "upon": 0.0558,
    "does": 0.0558,
    "crust": 0.0558,
    "infinite": 0.11150000000000002,
    "square": 0.0558,
    "There": 0.0558,
    "What": 0.0558,
    "fold": 0.0558,
    "hears": 0.0558,
    "massive": 0.11150000000000002,
    "achieved": 0.0558,
    "where": 0.0558,
    "she": 0.0558,